"year","enso_index_mean","enso_index_sd"
2015,1.46083333333333,0.842598344228714
2016,0.334166666666667,1.16711344259193
2017,-0.204166666666667,0.43845717803418
2018,0.00666666666666668,0.653776905698146
2019,0.4875,0.209333357459948
2020,-0.359166666666667,0.667961054027082
2021,-0.7225,0.242191697177707
