"year","pdo_index_mean","pdo_index_sd"
2015,1.63416666666667,0.489442323342381
2016,1.5425,0.761089231418904
2017,0.5175,0.364968865421796
2018,0.1925,0.23425413550245
2019,0.5975,0.470321456800849
2020,-0.53,0.357974097590111
2021,-1.37416666666667,0.743168380936812
