"length_class","s_transit","n","floor_kn","s_transit_floor"
"Less than 6m",26.0642491014178,82,5.5,26.0642491014178
"6-12m",25.801618804905,759,6.5,25.801618804905
"12-24m",3.96101950771613,837928,8,8
"24-50m",4.6349058763598,3463559,10,10
"Over 50m",11.4791865156536,7049707,12,12
